lr_f1,rf_f1,lr_pr_auc,rf_pr_auc,lr_cm,rf_cm
0.7758620689655172,0.7796610169491526,0.7124326951892959,0.78091543781362,"[[8, 18], [8, 45]]","[[7, 19], [7, 46]]"
