cluster,school,sex,age,address,famsize,Pstatus,Medu,Fedu,Mjob,Fjob,reason,guardian,traveltime,studytime,failures,schoolsup,famsup,paid,activities,nursery,higher,internet,romantic,famrel,freetime,goout,Dalc,Walc,health,absences
0,0.23478260869565218,0.40869565217391307,17.339130434782607,0.6173913043478261,0.2782608695652174,0.9304347826086956,1.7130434782608697,1.6521739130434783,1.4086956521739131,2.0608695652173914,0.9478260869565217,1.008695652173913,1.6347826086956523,1.8,0.6869565217391305,0.06086956521739131,0.391304347826087,0.2,0.4260869565217391,0.6260869565217392,0.8521739130434782,0.6260869565217392,0.391304347826087,3.9043478260869566,3.1478260869565218,3.017391304347826,1.3391304347826087,2.2869565217391306,3.773913043478261,5.6
1,0.125,0.7375,16.975,0.7625,0.35,0.85,3.2875,2.9125,2.5875,2.5,1.25,0.8875,1.5875,1.75,0.4875,0.1,0.7,0.6,0.5375,0.8125,0.975,0.9375,0.4125,3.7375,3.7,3.975,2.6125,3.7625,3.6875,10.3875
2,0.045,0.405,16.215,0.875,0.27,0.895,3.13,2.865,2.44,2.32,1.435,0.75,1.285,2.285,0.07,0.18,0.705,0.55,0.545,0.885,0.995,0.91,0.27,4.05,3.1,2.815,1.11,1.705,3.375,3.9
